<annotation>
	<folder>train</folder>
	<filename>1.jpg</filename>
	<path>D:\XLAHH\image\train\1.jpg</path>
	<source>
		<database>Unknown</database>
	</source>
	<size>
		<width>852</width>
		<height>480</height>
		<depth>3</depth>
	</size>
	<segmented>0</segmented>
	<object>
		<name>chelsea</name>
		<pose>Unspecified</pose>
		<truncated>0</truncated>
		<difficult>0</difficult>
		<bndbox>
			<xmin>347</xmin>
			<ymin>136</ymin>
			<xmax>587</xmax>
			<ymax>335</ymax>
		</bndbox>
	</object>
</annotation>
