<annotation>
	<folder>train</folder>
	<filename>10.jpg</filename>
	<path>D:\XLAHH\image\train\10.jpg</path>
	<source>
		<database>Unknown</database>
	</source>
	<size>
		<width>1920</width>
		<height>1080</height>
		<depth>3</depth>
	</size>
	<segmented>0</segmented>
	<object>
		<name>chelsea</name>
		<pose>Unspecified</pose>
		<truncated>0</truncated>
		<difficult>0</difficult>
		<bndbox>
			<xmin>678</xmin>
			<ymin>239</ymin>
			<xmax>1225</xmax>
			<ymax>855</ymax>
		</bndbox>
	</object>
</annotation>
