<annotation>
	<folder>train</folder>
	<filename>11.jpg</filename>
	<path>D:\XLAHH\image\train\11.jpg</path>
	<source>
		<database>Unknown</database>
	</source>
	<size>
		<width>1024</width>
		<height>1024</height>
		<depth>3</depth>
	</size>
	<segmented>0</segmented>
	<object>
		<name>real</name>
		<pose>Unspecified</pose>
		<truncated>0</truncated>
		<difficult>0</difficult>
		<bndbox>
			<xmin>333</xmin>
			<ymin>163</ymin>
			<xmax>736</xmax>
			<ymax>736</ymax>
		</bndbox>
	</object>
</annotation>
