<annotation>
	<folder>train</folder>
	<filename>12.jpg</filename>
	<path>D:\XLAHH\image\train\12.jpg</path>
	<source>
		<database>Unknown</database>
	</source>
	<size>
		<width>720</width>
		<height>485</height>
		<depth>3</depth>
	</size>
	<segmented>0</segmented>
	<object>
		<name>mu</name>
		<pose>Unspecified</pose>
		<truncated>0</truncated>
		<difficult>0</difficult>
		<bndbox>
			<xmin>439</xmin>
			<ymin>155</ymin>
			<xmax>623</xmax>
			<ymax>341</ymax>
		</bndbox>
	</object>
</annotation>
