<annotation>
	<folder>train</folder>
	<filename>13.jpg</filename>
	<path>D:\XLAHH\image\train\13.jpg</path>
	<source>
		<database>Unknown</database>
	</source>
	<size>
		<width>720</width>
		<height>960</height>
		<depth>3</depth>
	</size>
	<segmented>0</segmented>
	<object>
		<name>chelsea</name>
		<pose>Unspecified</pose>
		<truncated>0</truncated>
		<difficult>0</difficult>
		<bndbox>
			<xmin>226</xmin>
			<ymin>302</ymin>
			<xmax>478</xmax>
			<ymax>524</ymax>
		</bndbox>
	</object>
</annotation>
