<annotation>
	<folder>train</folder>
	<filename>14.jpg</filename>
	<path>D:\XLAHH\image\train\14.jpg</path>
	<source>
		<database>Unknown</database>
	</source>
	<size>
		<width>500</width>
		<height>333</height>
		<depth>3</depth>
	</size>
	<segmented>0</segmented>
	<object>
		<name>chelsea</name>
		<pose>Unspecified</pose>
		<truncated>0</truncated>
		<difficult>0</difficult>
		<bndbox>
			<xmin>124</xmin>
			<ymin>64</ymin>
			<xmax>335</xmax>
			<ymax>259</ymax>
		</bndbox>
	</object>
</annotation>
