<annotation>
	<folder>train</folder>
	<filename>15.jpg</filename>
	<path>D:\XLAHH\image\train\15.jpg</path>
	<source>
		<database>Unknown</database>
	</source>
	<size>
		<width>790</width>
		<height>581</height>
		<depth>3</depth>
	</size>
	<segmented>0</segmented>
	<object>
		<name>mu</name>
		<pose>Unspecified</pose>
		<truncated>0</truncated>
		<difficult>0</difficult>
		<bndbox>
			<xmin>438</xmin>
			<ymin>118</ymin>
			<xmax>646</xmax>
			<ymax>335</ymax>
		</bndbox>
	</object>
</annotation>
