<annotation>
	<folder>train</folder>
	<filename>16.jpg</filename>
	<path>D:\XLAHH\image\train\16.jpg</path>
	<source>
		<database>Unknown</database>
	</source>
	<size>
		<width>1300</width>
		<height>731</height>
		<depth>3</depth>
	</size>
	<segmented>0</segmented>
	<object>
		<name>real</name>
		<pose>Unspecified</pose>
		<truncated>0</truncated>
		<difficult>0</difficult>
		<bndbox>
			<xmin>595</xmin>
			<ymin>90</ymin>
			<xmax>902</xmax>
			<ymax>461</ymax>
		</bndbox>
	</object>
</annotation>
