<annotation>
	<folder>train</folder>
	<filename>17.jpg</filename>
	<path>D:\XLAHH\image\train\17.jpg</path>
	<source>
		<database>Unknown</database>
	</source>
	<size>
		<width>500</width>
		<height>500</height>
		<depth>3</depth>
	</size>
	<segmented>0</segmented>
	<object>
		<name>chelsea</name>
		<pose>Unspecified</pose>
		<truncated>0</truncated>
		<difficult>0</difficult>
		<bndbox>
			<xmin>162</xmin>
			<ymin>69</ymin>
			<xmax>334</xmax>
			<ymax>213</ymax>
		</bndbox>
	</object>
</annotation>
