<annotation>
	<folder>train</folder>
	<filename>18.jpg</filename>
	<path>D:\XLAHH\image\train\18.jpg</path>
	<source>
		<database>Unknown</database>
	</source>
	<size>
		<width>1280</width>
		<height>800</height>
		<depth>3</depth>
	</size>
	<segmented>0</segmented>
	<object>
		<name>mu</name>
		<pose>Unspecified</pose>
		<truncated>0</truncated>
		<difficult>0</difficult>
		<bndbox>
			<xmin>407</xmin>
			<ymin>167</ymin>
			<xmax>870</xmax>
			<ymax>634</ymax>
		</bndbox>
	</object>
</annotation>
