<annotation>
	<folder>train</folder>
	<filename>19.jpg</filename>
	<path>D:\XLAHH\image\train\19.jpg</path>
	<source>
		<database>Unknown</database>
	</source>
	<size>
		<width>640</width>
		<height>480</height>
		<depth>3</depth>
	</size>
	<segmented>0</segmented>
	<object>
		<name>mu</name>
		<pose>Unspecified</pose>
		<truncated>0</truncated>
		<difficult>0</difficult>
		<bndbox>
			<xmin>271</xmin>
			<ymin>145</ymin>
			<xmax>609</xmax>
			<ymax>445</ymax>
		</bndbox>
	</object>
</annotation>
