<annotation>
	<folder>train</folder>
	<filename>2.jpg</filename>
	<path>D:\XLAHH\image\train\2.jpg</path>
	<source>
		<database>Unknown</database>
	</source>
	<size>
		<width>852</width>
		<height>480</height>
		<depth>3</depth>
	</size>
	<segmented>0</segmented>
	<object>
		<name>chelsea</name>
		<pose>Unspecified</pose>
		<truncated>0</truncated>
		<difficult>0</difficult>
		<bndbox>
			<xmin>233</xmin>
			<ymin>41</ymin>
			<xmax>658</xmax>
			<ymax>451</ymax>
		</bndbox>
	</object>
</annotation>
