<annotation>
	<folder>train</folder>
	<filename>20.jpg</filename>
	<path>D:\XLAHH\image\train\20.jpg</path>
	<source>
		<database>Unknown</database>
	</source>
	<size>
		<width>480</width>
		<height>298</height>
		<depth>3</depth>
	</size>
	<segmented>0</segmented>
	<object>
		<name>mu</name>
		<pose>Unspecified</pose>
		<truncated>0</truncated>
		<difficult>0</difficult>
		<bndbox>
			<xmin>148</xmin>
			<ymin>133</ymin>
			<xmax>262</xmax>
			<ymax>269</ymax>
		</bndbox>
	</object>
</annotation>
