<annotation>
	<folder>train</folder>
	<filename>21.jpg</filename>
	<path>D:\XLAHH\image\train\21.jpg</path>
	<source>
		<database>Unknown</database>
	</source>
	<size>
		<width>1055</width>
		<height>1875</height>
		<depth>3</depth>
	</size>
	<segmented>0</segmented>
	<object>
		<name>mu</name>
		<pose>Unspecified</pose>
		<truncated>0</truncated>
		<difficult>0</difficult>
		<bndbox>
			<xmin>231</xmin>
			<ymin>1060</ymin>
			<xmax>805</xmax>
			<ymax>1677</ymax>
		</bndbox>
	</object>
</annotation>
