<annotation>
	<folder>train</folder>
	<filename>22.jpg</filename>
	<path>D:\XLAHH\image\train\22.jpg</path>
	<source>
		<database>Unknown</database>
	</source>
	<size>
		<width>960</width>
		<height>960</height>
		<depth>3</depth>
	</size>
	<segmented>0</segmented>
	<object>
		<name>mu</name>
		<pose>Unspecified</pose>
		<truncated>0</truncated>
		<difficult>0</difficult>
		<bndbox>
			<xmin>137</xmin>
			<ymin>269</ymin>
			<xmax>465</xmax>
			<ymax>602</ymax>
		</bndbox>
	</object>
</annotation>
