<annotation>
	<folder>train</folder>
	<filename>23.jpg</filename>
	<path>D:\XLAHH\image\train\23.jpg</path>
	<source>
		<database>Unknown</database>
	</source>
	<size>
		<width>1000</width>
		<height>626</height>
		<depth>3</depth>
	</size>
	<segmented>0</segmented>
	<object>
		<name>mu</name>
		<pose>Unspecified</pose>
		<truncated>0</truncated>
		<difficult>0</difficult>
		<bndbox>
			<xmin>592</xmin>
			<ymin>142</ymin>
			<xmax>693</xmax>
			<ymax>247</ymax>
		</bndbox>
	</object>
</annotation>
