<annotation>
	<folder>train</folder>
	<filename>24.jpg</filename>
	<path>D:\XLAHH\image\train\24.jpg</path>
	<source>
		<database>Unknown</database>
	</source>
	<size>
		<width>970</width>
		<height>727</height>
		<depth>3</depth>
	</size>
	<segmented>0</segmented>
	<object>
		<name>mu</name>
		<pose>Unspecified</pose>
		<truncated>0</truncated>
		<difficult>0</difficult>
		<bndbox>
			<xmin>520</xmin>
			<ymin>103</ymin>
			<xmax>853</xmax>
			<ymax>324</ymax>
		</bndbox>
	</object>
</annotation>
