<annotation>
	<folder>train</folder>
	<filename>25.jpg</filename>
	<path>D:\XLAHH\image\train\25.jpg</path>
	<source>
		<database>Unknown</database>
	</source>
	<size>
		<width>1600</width>
		<height>900</height>
		<depth>3</depth>
	</size>
	<segmented>0</segmented>
	<object>
		<name>chelsea</name>
		<pose>Unspecified</pose>
		<truncated>0</truncated>
		<difficult>0</difficult>
		<bndbox>
			<xmin>864</xmin>
			<ymin>277</ymin>
			<xmax>1186</xmax>
			<ymax>605</ymax>
		</bndbox>
	</object>
</annotation>
