<annotation>
	<folder>train</folder>
	<filename>26.jpg</filename>
	<path>D:\XLAHH\image\train\26.jpg</path>
	<source>
		<database>Unknown</database>
	</source>
	<size>
		<width>800</width>
		<height>800</height>
		<depth>3</depth>
	</size>
	<segmented>0</segmented>
	<object>
		<name>chelsea</name>
		<pose>Unspecified</pose>
		<truncated>0</truncated>
		<difficult>0</difficult>
		<bndbox>
			<xmin>352</xmin>
			<ymin>250</ymin>
			<xmax>581</xmax>
			<ymax>485</ymax>
		</bndbox>
	</object>
</annotation>
