<annotation>
	<folder>train</folder>
	<filename>27.jpg</filename>
	<path>D:\XLAHH\image\train\27.jpg</path>
	<source>
		<database>Unknown</database>
	</source>
	<size>
		<width>567</width>
		<height>349</height>
		<depth>3</depth>
	</size>
	<segmented>0</segmented>
	<object>
		<name>chelsea</name>
		<pose>Unspecified</pose>
		<truncated>0</truncated>
		<difficult>0</difficult>
		<bndbox>
			<xmin>171</xmin>
			<ymin>55</ymin>
			<xmax>411</xmax>
			<ymax>295</ymax>
		</bndbox>
	</object>
</annotation>
