<annotation>
	<folder>train</folder>
	<filename>28.jpg</filename>
	<path>D:\XLAHH\image\train\28.jpg</path>
	<source>
		<database>Unknown</database>
	</source>
	<size>
		<width>960</width>
		<height>540</height>
		<depth>3</depth>
	</size>
	<segmented>0</segmented>
	<object>
		<name>chelsea</name>
		<pose>Unspecified</pose>
		<truncated>1</truncated>
		<difficult>0</difficult>
		<bndbox>
			<xmin>136</xmin>
			<ymin>1</ymin>
			<xmax>903</xmax>
			<ymax>540</ymax>
		</bndbox>
	</object>
</annotation>
