<annotation>
	<folder>train</folder>
	<filename>29.jpg</filename>
	<path>D:\XLAHH\image\train\29.jpg</path>
	<source>
		<database>Unknown</database>
	</source>
	<size>
		<width>540</width>
		<height>540</height>
		<depth>3</depth>
	</size>
	<segmented>0</segmented>
	<object>
		<name>chelsea</name>
		<pose>Unspecified</pose>
		<truncated>0</truncated>
		<difficult>0</difficult>
		<bndbox>
			<xmin>121</xmin>
			<ymin>110</ymin>
			<xmax>418</xmax>
			<ymax>420</ymax>
		</bndbox>
	</object>
</annotation>
