<annotation>
	<folder>train</folder>
	<filename>3.jpg</filename>
	<path>D:\XLAHH\image\train\3.jpg</path>
	<source>
		<database>Unknown</database>
	</source>
	<size>
		<width>1001</width>
		<height>756</height>
		<depth>3</depth>
	</size>
	<segmented>0</segmented>
	<object>
		<name>real</name>
		<pose>Unspecified</pose>
		<truncated>0</truncated>
		<difficult>0</difficult>
		<bndbox>
			<xmin>370</xmin>
			<ymin>126</ymin>
			<xmax>701</xmax>
			<ymax>626</ymax>
		</bndbox>
	</object>
</annotation>
