<annotation>
	<folder>train</folder>
	<filename>30.jpg</filename>
	<path>D:\XLAHH\image\train\30.jpg</path>
	<source>
		<database>Unknown</database>
	</source>
	<size>
		<width>590</width>
		<height>586</height>
		<depth>3</depth>
	</size>
	<segmented>0</segmented>
	<object>
		<name>chelsea</name>
		<pose>Unspecified</pose>
		<truncated>0</truncated>
		<difficult>0</difficult>
		<bndbox>
			<xmin>42</xmin>
			<ymin>71</ymin>
			<xmax>512</xmax>
			<ymax>556</ymax>
		</bndbox>
	</object>
</annotation>
