<annotation>
	<folder>train</folder>
	<filename>31.jpg</filename>
	<path>D:\XLAHH\image\train\31.jpg</path>
	<source>
		<database>Unknown</database>
	</source>
	<size>
		<width>500</width>
		<height>385</height>
		<depth>3</depth>
	</size>
	<segmented>0</segmented>
	<object>
		<name>chelsea</name>
		<pose>Unspecified</pose>
		<truncated>0</truncated>
		<difficult>0</difficult>
		<bndbox>
			<xmin>65</xmin>
			<ymin>22</ymin>
			<xmax>456</xmax>
			<ymax>332</ymax>
		</bndbox>
	</object>
</annotation>
