<annotation>
	<folder>train</folder>
	<filename>32.jpg</filename>
	<path>D:\XLAHH\image\train\32.jpg</path>
	<source>
		<database>Unknown</database>
	</source>
	<size>
		<width>608</width>
		<height>320</height>
		<depth>3</depth>
	</size>
	<segmented>0</segmented>
	<object>
		<name>real</name>
		<pose>Unspecified</pose>
		<truncated>0</truncated>
		<difficult>0</difficult>
		<bndbox>
			<xmin>255</xmin>
			<ymin>63</ymin>
			<xmax>369</xmax>
			<ymax>186</ymax>
		</bndbox>
	</object>
</annotation>
