<annotation>
	<folder>train</folder>
	<filename>33.jpg</filename>
	<path>D:\XLAHH\image\train\33.jpg</path>
	<source>
		<database>Unknown</database>
	</source>
	<size>
		<width>1300</width>
		<height>954</height>
		<depth>3</depth>
	</size>
	<segmented>0</segmented>
	<object>
		<name>real</name>
		<pose>Unspecified</pose>
		<truncated>0</truncated>
		<difficult>0</difficult>
		<bndbox>
			<xmin>913</xmin>
			<ymin>501</ymin>
			<xmax>1049</xmax>
			<ymax>658</ymax>
		</bndbox>
	</object>
</annotation>
