<annotation>
	<folder>train</folder>
	<filename>34.png</filename>
	<path>D:\XLAHH\image\train\34.png</path>
	<source>
		<database>Unknown</database>
	</source>
	<size>
		<width>696</width>
		<height>648</height>
		<depth>3</depth>
	</size>
	<segmented>0</segmented>
	<object>
		<name>mu</name>
		<pose>Unspecified</pose>
		<truncated>0</truncated>
		<difficult>0</difficult>
		<bndbox>
			<xmin>133</xmin>
			<ymin>70</ymin>
			<xmax>603</xmax>
			<ymax>589</ymax>
		</bndbox>
	</object>
</annotation>
