<annotation>
	<folder>train</folder>
	<filename>35.jpg</filename>
	<path>D:\XLAHH\image\train\35.jpg</path>
	<source>
		<database>Unknown</database>
	</source>
	<size>
		<width>612</width>
		<height>408</height>
		<depth>3</depth>
	</size>
	<segmented>0</segmented>
	<object>
		<name>chelsea</name>
		<pose>Unspecified</pose>
		<truncated>0</truncated>
		<difficult>0</difficult>
		<bndbox>
			<xmin>65</xmin>
			<ymin>107</ymin>
			<xmax>146</xmax>
			<ymax>199</ymax>
		</bndbox>
	</object>
</annotation>
