<annotation>
	<folder>train</folder>
	<filename>38.jpg</filename>
	<path>D:\XLAHH\image\train\38.jpg</path>
	<source>
		<database>Unknown</database>
	</source>
	<size>
		<width>612</width>
		<height>408</height>
		<depth>3</depth>
	</size>
	<segmented>0</segmented>
	<object>
		<name>real</name>
		<pose>Unspecified</pose>
		<truncated>0</truncated>
		<difficult>0</difficult>
		<bndbox>
			<xmin>133</xmin>
			<ymin>86</ymin>
			<xmax>177</xmax>
			<ymax>136</ymax>
		</bndbox>
	</object>
</annotation>
