<annotation>
	<folder>train</folder>
	<filename>39.jpg</filename>
	<path>D:\XLAHH\image\train\39.jpg</path>
	<source>
		<database>Unknown</database>
	</source>
	<size>
		<width>612</width>
		<height>408</height>
		<depth>3</depth>
	</size>
	<segmented>0</segmented>
	<object>
		<name>real</name>
		<pose>Unspecified</pose>
		<truncated>0</truncated>
		<difficult>0</difficult>
		<bndbox>
			<xmin>163</xmin>
			<ymin>116</ymin>
			<xmax>214</xmax>
			<ymax>195</ymax>
		</bndbox>
	</object>
</annotation>
