<annotation>
	<folder>train</folder>
	<filename>4.jpg</filename>
	<path>D:\XLAHH\image\train\4.jpg</path>
	<source>
		<database>Unknown</database>
	</source>
	<size>
		<width>600</width>
		<height>400</height>
		<depth>3</depth>
	</size>
	<segmented>0</segmented>
	<object>
		<name>real</name>
		<pose>Unspecified</pose>
		<truncated>0</truncated>
		<difficult>0</difficult>
		<bndbox>
			<xmin>181</xmin>
			<ymin>81</ymin>
			<xmax>339</xmax>
			<ymax>303</ymax>
		</bndbox>
	</object>
</annotation>
