<annotation>
	<folder>train</folder>
	<filename>40.jpg</filename>
	<path>D:\XLAHH\image\train\40.jpg</path>
	<source>
		<database>Unknown</database>
	</source>
	<size>
		<width>512</width>
		<height>288</height>
		<depth>3</depth>
	</size>
	<segmented>0</segmented>
	<object>
		<name>real</name>
		<pose>Unspecified</pose>
		<truncated>0</truncated>
		<difficult>0</difficult>
		<bndbox>
			<xmin>271</xmin>
			<ymin>128</ymin>
			<xmax>367</xmax>
			<ymax>241</ymax>
		</bndbox>
	</object>
</annotation>
