<annotation>
	<folder>train</folder>
	<filename>41.jpg</filename>
	<path>D:\XLAHH\image\train\41.jpg</path>
	<source>
		<database>Unknown</database>
	</source>
	<size>
		<width>232</width>
		<height>217</height>
		<depth>3</depth>
	</size>
	<segmented>0</segmented>
	<object>
		<name>mu</name>
		<pose>Unspecified</pose>
		<truncated>0</truncated>
		<difficult>0</difficult>
		<bndbox>
			<xmin>58</xmin>
			<ymin>39</ymin>
			<xmax>174</xmax>
			<ymax>156</ymax>
		</bndbox>
	</object>
</annotation>
