<annotation>
	<folder>train</folder>
	<filename>42.jpg</filename>
	<path>D:\XLAHH\image\train\42.jpg</path>
	<source>
		<database>Unknown</database>
	</source>
	<size>
		<width>225</width>
		<height>225</height>
		<depth>3</depth>
	</size>
	<segmented>0</segmented>
	<object>
		<name>mu</name>
		<pose>Unspecified</pose>
		<truncated>0</truncated>
		<difficult>0</difficult>
		<bndbox>
			<xmin>126</xmin>
			<ymin>112</ymin>
			<xmax>224</xmax>
			<ymax>221</ymax>
		</bndbox>
	</object>
</annotation>
