<annotation>
	<folder>train</folder>
	<filename>43.jpg</filename>
	<path>D:\XLAHH\image\train\43.jpg</path>
	<source>
		<database>Unknown</database>
	</source>
	<size>
		<width>300</width>
		<height>168</height>
		<depth>3</depth>
	</size>
	<segmented>0</segmented>
	<object>
		<name>real</name>
		<pose>Unspecified</pose>
		<truncated>0</truncated>
		<difficult>0</difficult>
		<bndbox>
			<xmin>103</xmin>
			<ymin>34</ymin>
			<xmax>154</xmax>
			<ymax>106</ymax>
		</bndbox>
	</object>
</annotation>
