<annotation>
	<folder>train</folder>
	<filename>44.jpg</filename>
	<path>D:\XLAHH\image\train\44.jpg</path>
	<source>
		<database>Unknown</database>
	</source>
	<size>
		<width>300</width>
		<height>168</height>
		<depth>3</depth>
	</size>
	<segmented>0</segmented>
	<object>
		<name>real</name>
		<pose>Unspecified</pose>
		<truncated>0</truncated>
		<difficult>0</difficult>
		<bndbox>
			<xmin>109</xmin>
			<ymin>2</ymin>
			<xmax>202</xmax>
			<ymax>126</ymax>
		</bndbox>
	</object>
</annotation>
