<annotation>
	<folder>train</folder>
	<filename>45.jpg</filename>
	<path>D:\XLAHH\image\train\45.jpg</path>
	<source>
		<database>Unknown</database>
	</source>
	<size>
		<width>259</width>
		<height>194</height>
		<depth>3</depth>
	</size>
	<segmented>0</segmented>
	<object>
		<name>chelsea</name>
		<pose>Unspecified</pose>
		<truncated>0</truncated>
		<difficult>0</difficult>
		<bndbox>
			<xmin>78</xmin>
			<ymin>27</ymin>
			<xmax>232</xmax>
			<ymax>189</ymax>
		</bndbox>
	</object>
</annotation>
