<annotation>
	<folder>train</folder>
	<filename>46.jpg</filename>
	<path>D:\XLAHH\image\train\46.jpg</path>
	<source>
		<database>Unknown</database>
	</source>
	<size>
		<width>263</width>
		<height>192</height>
		<depth>3</depth>
	</size>
	<segmented>0</segmented>
	<object>
		<name>chelsea</name>
		<pose>Unspecified</pose>
		<truncated>0</truncated>
		<difficult>0</difficult>
		<bndbox>
			<xmin>31</xmin>
			<ymin>64</ymin>
			<xmax>102</xmax>
			<ymax>121</ymax>
		</bndbox>
	</object>
</annotation>
