<annotation>
	<folder>train</folder>
	<filename>47.jpg</filename>
	<path>D:\XLAHH\image\train\47.jpg</path>
	<source>
		<database>Unknown</database>
	</source>
	<size>
		<width>290</width>
		<height>174</height>
		<depth>3</depth>
	</size>
	<segmented>0</segmented>
	<object>
		<name>mu</name>
		<pose>Unspecified</pose>
		<truncated>0</truncated>
		<difficult>0</difficult>
		<bndbox>
			<xmin>162</xmin>
			<ymin>33</ymin>
			<xmax>251</xmax>
			<ymax>119</ymax>
		</bndbox>
	</object>
</annotation>
