<annotation>
	<folder>train</folder>
	<filename>48.jpg</filename>
	<path>D:\XLAHH\image\train\48.jpg</path>
	<source>
		<database>Unknown</database>
	</source>
	<size>
		<width>780</width>
		<height>520</height>
		<depth>3</depth>
	</size>
	<segmented>0</segmented>
	<object>
		<name>real</name>
		<pose>Unspecified</pose>
		<truncated>1</truncated>
		<difficult>0</difficult>
		<bndbox>
			<xmin>240</xmin>
			<ymin>37</ymin>
			<xmax>551</xmax>
			<ymax>520</ymax>
		</bndbox>
	</object>
</annotation>
