<annotation>
	<folder>train</folder>
	<filename>49.jpg</filename>
	<path>D:\XLAHH\image\train\49.jpg</path>
	<source>
		<database>Unknown</database>
	</source>
	<size>
		<width>550</width>
		<height>550</height>
		<depth>3</depth>
	</size>
	<segmented>0</segmented>
	<object>
		<name>chelsea</name>
		<pose>Unspecified</pose>
		<truncated>0</truncated>
		<difficult>0</difficult>
		<bndbox>
			<xmin>165</xmin>
			<ymin>307</ymin>
			<xmax>445</xmax>
			<ymax>495</ymax>
		</bndbox>
	</object>
</annotation>
