<annotation>
	<folder>train</folder>
	<filename>5.jpg</filename>
	<path>D:\XLAHH\image\train\5.jpg</path>
	<source>
		<database>Unknown</database>
	</source>
	<size>
		<width>652</width>
		<height>546</height>
		<depth>3</depth>
	</size>
	<segmented>0</segmented>
	<object>
		<name>chelsea</name>
		<pose>Unspecified</pose>
		<truncated>0</truncated>
		<difficult>0</difficult>
		<bndbox>
			<xmin>179</xmin>
			<ymin>170</ymin>
			<xmax>473</xmax>
			<ymax>380</ymax>
		</bndbox>
	</object>
</annotation>
