<annotation>
	<folder>train</folder>
	<filename>50.jpg</filename>
	<path>D:\XLAHH\image\train\50.jpg</path>
	<source>
		<database>Unknown</database>
	</source>
	<size>
		<width>1920</width>
		<height>1080</height>
		<depth>3</depth>
	</size>
	<segmented>0</segmented>
	<object>
		<name>mu</name>
		<pose>Unspecified</pose>
		<truncated>0</truncated>
		<difficult>0</difficult>
		<bndbox>
			<xmin>519</xmin>
			<ymin>145</ymin>
			<xmax>1378</xmax>
			<ymax>876</ymax>
		</bndbox>
	</object>
</annotation>
