<annotation>
	<folder>train</folder>
	<filename>51.jpg</filename>
	<path>D:\XLAHH\image\train\51.jpg</path>
	<source>
		<database>Unknown</database>
	</source>
	<size>
		<width>1024</width>
		<height>768</height>
		<depth>3</depth>
	</size>
	<segmented>0</segmented>
	<object>
		<name>real</name>
		<pose>Unspecified</pose>
		<truncated>0</truncated>
		<difficult>0</difficult>
		<bndbox>
			<xmin>382</xmin>
			<ymin>155</ymin>
			<xmax>640</xmax>
			<ymax>512</ymax>
		</bndbox>
	</object>
</annotation>
