<annotation>
	<folder>train</folder>
	<filename>52.jpg</filename>
	<path>D:\XLAHH\image\train\52.jpg</path>
	<source>
		<database>Unknown</database>
	</source>
	<size>
		<width>800</width>
		<height>800</height>
		<depth>3</depth>
	</size>
	<segmented>0</segmented>
	<object>
		<name>chelsea</name>
		<pose>Unspecified</pose>
		<truncated>0</truncated>
		<difficult>0</difficult>
		<bndbox>
			<xmin>316</xmin>
			<ymin>358</ymin>
			<xmax>453</xmax>
			<ymax>458</ymax>
		</bndbox>
	</object>
</annotation>
