<annotation>
	<folder>train</folder>
	<filename>53.jpg</filename>
	<path>D:\XLAHH\image\train\53.jpg</path>
	<source>
		<database>Unknown</database>
	</source>
	<size>
		<width>320</width>
		<height>200</height>
		<depth>3</depth>
	</size>
	<segmented>0</segmented>
	<object>
		<name>mu</name>
		<pose>Unspecified</pose>
		<truncated>0</truncated>
		<difficult>0</difficult>
		<bndbox>
			<xmin>120</xmin>
			<ymin>54</ymin>
			<xmax>230</xmax>
			<ymax>142</ymax>
		</bndbox>
	</object>
</annotation>
