<annotation>
	<folder>train</folder>
	<filename>54.jpg</filename>
	<path>D:\XLAHH\image\train\54.jpg</path>
	<source>
		<database>Unknown</database>
	</source>
	<size>
		<width>400</width>
		<height>560</height>
		<depth>3</depth>
	</size>
	<segmented>0</segmented>
	<object>
		<name>mu</name>
		<pose>Unspecified</pose>
		<truncated>0</truncated>
		<difficult>0</difficult>
		<bndbox>
			<xmin>18</xmin>
			<ymin>99</ymin>
			<xmax>366</xmax>
			<ymax>482</ymax>
		</bndbox>
	</object>
</annotation>
