<annotation>
	<folder>train</folder>
	<filename>55.jpg</filename>
	<path>D:\XLAHH\image\train\55.jpg</path>
	<source>
		<database>Unknown</database>
	</source>
	<size>
		<width>1300</width>
		<height>897</height>
		<depth>3</depth>
	</size>
	<segmented>0</segmented>
	<object>
		<name>mu</name>
		<pose>Unspecified</pose>
		<truncated>0</truncated>
		<difficult>0</difficult>
		<bndbox>
			<xmin>480</xmin>
			<ymin>253</ymin>
			<xmax>882</xmax>
			<ymax>680</ymax>
		</bndbox>
	</object>
</annotation>
