<annotation>
	<folder>train</folder>
	<filename>56.jpg</filename>
	<path>D:\XLAHH\image\train\56.jpg</path>
	<source>
		<database>Unknown</database>
	</source>
	<size>
		<width>738</width>
		<height>415</height>
		<depth>3</depth>
	</size>
	<segmented>0</segmented>
	<object>
		<name>chelsea</name>
		<pose>Unspecified</pose>
		<truncated>0</truncated>
		<difficult>0</difficult>
		<bndbox>
			<xmin>484</xmin>
			<ymin>138</ymin>
			<xmax>621</xmax>
			<ymax>275</ymax>
		</bndbox>
	</object>
</annotation>
