<annotation>
	<folder>train</folder>
	<filename>58.jpg</filename>
	<path>D:\XLAHH\image\train\58.jpg</path>
	<source>
		<database>Unknown</database>
	</source>
	<size>
		<width>474</width>
		<height>266</height>
		<depth>3</depth>
	</size>
	<segmented>0</segmented>
	<object>
		<name>chelsea</name>
		<pose>Unspecified</pose>
		<truncated>0</truncated>
		<difficult>0</difficult>
		<bndbox>
			<xmin>63</xmin>
			<ymin>33</ymin>
			<xmax>260</xmax>
			<ymax>240</ymax>
		</bndbox>
	</object>
</annotation>
