<annotation>
	<folder>train</folder>
	<filename>59.jpg</filename>
	<path>D:\XLAHH\image\train\59.jpg</path>
	<source>
		<database>Unknown</database>
	</source>
	<size>
		<width>474</width>
		<height>304</height>
		<depth>3</depth>
	</size>
	<segmented>0</segmented>
	<object>
		<name>chelsea</name>
		<pose>Unspecified</pose>
		<truncated>0</truncated>
		<difficult>0</difficult>
		<bndbox>
			<xmin>111</xmin>
			<ymin>76</ymin>
			<xmax>283</xmax>
			<ymax>240</ymax>
		</bndbox>
	</object>
</annotation>
