<annotation>
	<folder>train</folder>
	<filename>6.jpg</filename>
	<path>D:\XLAHH\image\train\6.jpg</path>
	<source>
		<database>Unknown</database>
	</source>
	<size>
		<width>640</width>
		<height>411</height>
		<depth>3</depth>
	</size>
	<segmented>0</segmented>
	<object>
		<name>real</name>
		<pose>Unspecified</pose>
		<truncated>0</truncated>
		<difficult>0</difficult>
		<bndbox>
			<xmin>321</xmin>
			<ymin>74</ymin>
			<xmax>482</xmax>
			<ymax>303</ymax>
		</bndbox>
	</object>
</annotation>
