<annotation>
	<folder>train</folder>
	<filename>60.jpg</filename>
	<path>D:\XLAHH\image\train\60.jpg</path>
	<source>
		<database>Unknown</database>
	</source>
	<size>
		<width>474</width>
		<height>314</height>
		<depth>3</depth>
	</size>
	<segmented>0</segmented>
	<object>
		<name>chelsea</name>
		<pose>Unspecified</pose>
		<truncated>0</truncated>
		<difficult>0</difficult>
		<bndbox>
			<xmin>259</xmin>
			<ymin>91</ymin>
			<xmax>366</xmax>
			<ymax>230</ymax>
		</bndbox>
	</object>
</annotation>
