<annotation>
	<folder>train</folder>
	<filename>61.jpg</filename>
	<path>D:\XLAHH\image\train\61.jpg</path>
	<source>
		<database>Unknown</database>
	</source>
	<size>
		<width>474</width>
		<height>266</height>
		<depth>3</depth>
	</size>
	<segmented>0</segmented>
	<object>
		<name>chelsea</name>
		<pose>Unspecified</pose>
		<truncated>0</truncated>
		<difficult>0</difficult>
		<bndbox>
			<xmin>116</xmin>
			<ymin>3</ymin>
			<xmax>371</xmax>
			<ymax>254</ymax>
		</bndbox>
	</object>
</annotation>
