<annotation>
	<folder>train</folder>
	<filename>62.jpg</filename>
	<path>D:\XLAHH\image\train\62.jpg</path>
	<source>
		<database>Unknown</database>
	</source>
	<size>
		<width>480</width>
		<height>270</height>
		<depth>3</depth>
	</size>
	<segmented>0</segmented>
	<object>
		<name>real</name>
		<pose>Unspecified</pose>
		<truncated>0</truncated>
		<difficult>0</difficult>
		<bndbox>
			<xmin>315</xmin>
			<ymin>37</ymin>
			<xmax>432</xmax>
			<ymax>190</ymax>
		</bndbox>
	</object>
</annotation>
