<annotation>
	<folder>train</folder>
	<filename>63.jpg</filename>
	<path>D:\XLAHH\image\train\63.jpg</path>
	<source>
		<database>Unknown</database>
	</source>
	<size>
		<width>960</width>
		<height>960</height>
		<depth>3</depth>
	</size>
	<segmented>0</segmented>
	<object>
		<name>real</name>
		<pose>Unspecified</pose>
		<truncated>0</truncated>
		<difficult>0</difficult>
		<bndbox>
			<xmin>236</xmin>
			<ymin>162</ymin>
			<xmax>696</xmax>
			<ymax>744</ymax>
		</bndbox>
	</object>
</annotation>
