<annotation>
	<folder>train</folder>
	<filename>64.jpg</filename>
	<path>D:\XLAHH\image\train\64.jpg</path>
	<source>
		<database>Unknown</database>
	</source>
	<size>
		<width>738</width>
		<height>378</height>
		<depth>3</depth>
	</size>
	<segmented>0</segmented>
	<object>
		<name>real</name>
		<pose>Unspecified</pose>
		<truncated>1</truncated>
		<difficult>0</difficult>
		<bndbox>
			<xmin>577</xmin>
			<ymin>1</ymin>
			<xmax>702</xmax>
			<ymax>103</ymax>
		</bndbox>
	</object>
</annotation>
