<annotation>
	<folder>train</folder>
	<filename>65.jpg</filename>
	<path>D:\XLAHH\image\train\65.jpg</path>
	<source>
		<database>Unknown</database>
	</source>
	<size>
		<width>300</width>
		<height>199</height>
		<depth>3</depth>
	</size>
	<segmented>0</segmented>
	<object>
		<name>real</name>
		<pose>Unspecified</pose>
		<truncated>1</truncated>
		<difficult>0</difficult>
		<bndbox>
			<xmin>1</xmin>
			<ymin>4</ymin>
			<xmax>129</xmax>
			<ymax>191</ymax>
		</bndbox>
	</object>
</annotation>
