<annotation>
	<folder>train</folder>
	<filename>66.jpg</filename>
	<path>D:\XLAHH\image\train\66.jpg</path>
	<source>
		<database>Unknown</database>
	</source>
	<size>
		<width>1001</width>
		<height>563</height>
		<depth>3</depth>
	</size>
	<segmented>0</segmented>
	<object>
		<name>real</name>
		<pose>Unspecified</pose>
		<truncated>0</truncated>
		<difficult>0</difficult>
		<bndbox>
			<xmin>152</xmin>
			<ymin>399</ymin>
			<xmax>326</xmax>
			<ymax>517</ymax>
		</bndbox>
	</object>
</annotation>
