<annotation>
	<folder>train</folder>
	<filename>69.JPG</filename>
	<path>D:\XLAHH\image\train\69.JPG</path>
	<source>
		<database>Unknown</database>
	</source>
	<size>
		<width>576</width>
		<height>598</height>
		<depth>3</depth>
	</size>
	<segmented>0</segmented>
	<object>
		<name>mu</name>
		<pose>Unspecified</pose>
		<truncated>0</truncated>
		<difficult>0</difficult>
		<bndbox>
			<xmin>13</xmin>
			<ymin>10</ymin>
			<xmax>573</xmax>
			<ymax>585</ymax>
		</bndbox>
	</object>
</annotation>
