<annotation>
	<folder>train</folder>
	<filename>7.jpg</filename>
	<path>D:\XLAHH\image\train\7.jpg</path>
	<source>
		<database>Unknown</database>
	</source>
	<size>
		<width>522</width>
		<height>475</height>
		<depth>3</depth>
	</size>
	<segmented>0</segmented>
	<object>
		<name>mu</name>
		<pose>Unspecified</pose>
		<truncated>0</truncated>
		<difficult>0</difficult>
		<bndbox>
			<xmin>261</xmin>
			<ymin>117</ymin>
			<xmax>390</xmax>
			<ymax>293</ymax>
		</bndbox>
	</object>
</annotation>
