<annotation>
	<folder>train</folder>
	<filename>70.jpg</filename>
	<path>D:\XLAHH\image\train\70.jpg</path>
	<source>
		<database>Unknown</database>
	</source>
	<size>
		<width>400</width>
		<height>300</height>
		<depth>3</depth>
	</size>
	<segmented>0</segmented>
	<object>
		<name>chelsea</name>
		<pose>Unspecified</pose>
		<truncated>0</truncated>
		<difficult>0</difficult>
		<bndbox>
			<xmin>69</xmin>
			<ymin>10</ymin>
			<xmax>337</xmax>
			<ymax>278</ymax>
		</bndbox>
	</object>
</annotation>
