<annotation>
	<folder>train</folder>
	<filename>71.jpg</filename>
	<path>D:\XLAHH\image\train\71.jpg</path>
	<source>
		<database>Unknown</database>
	</source>
	<size>
		<width>676</width>
		<height>405</height>
		<depth>3</depth>
	</size>
	<segmented>0</segmented>
	<object>
		<name>mu</name>
		<pose>Unspecified</pose>
		<truncated>0</truncated>
		<difficult>0</difficult>
		<bndbox>
			<xmin>398</xmin>
			<ymin>65</ymin>
			<xmax>615</xmax>
			<ymax>287</ymax>
		</bndbox>
	</object>
</annotation>
