<annotation>
	<folder>train</folder>
	<filename>72.jpg</filename>
	<path>D:\XLAHH\image\train\72.jpg</path>
	<source>
		<database>Unknown</database>
	</source>
	<size>
		<width>640</width>
		<height>460</height>
		<depth>3</depth>
	</size>
	<segmented>0</segmented>
	<object>
		<name>mu</name>
		<pose>Unspecified</pose>
		<truncated>0</truncated>
		<difficult>0</difficult>
		<bndbox>
			<xmin>166</xmin>
			<ymin>102</ymin>
			<xmax>482</xmax>
			<ymax>358</ymax>
		</bndbox>
	</object>
</annotation>
