<annotation>
	<folder>train</folder>
	<filename>73.jpg</filename>
	<path>D:\XLAHH\image\train\73.jpg</path>
	<source>
		<database>Unknown</database>
	</source>
	<size>
		<width>275</width>
		<height>183</height>
		<depth>3</depth>
	</size>
	<segmented>0</segmented>
	<object>
		<name>mu</name>
		<pose>Unspecified</pose>
		<truncated>0</truncated>
		<difficult>0</difficult>
		<bndbox>
			<xmin>134</xmin>
			<ymin>56</ymin>
			<xmax>207</xmax>
			<ymax>141</ymax>
		</bndbox>
	</object>
</annotation>
