<annotation>
	<folder>train</folder>
	<filename>74.jpg</filename>
	<path>D:\XLAHH\image\train\74.jpg</path>
	<source>
		<database>Unknown</database>
	</source>
	<size>
		<width>310</width>
		<height>163</height>
		<depth>3</depth>
	</size>
	<segmented>0</segmented>
	<object>
		<name>mu</name>
		<pose>Unspecified</pose>
		<truncated>0</truncated>
		<difficult>0</difficult>
		<bndbox>
			<xmin>82</xmin>
			<ymin>13</ymin>
			<xmax>166</xmax>
			<ymax>91</ymax>
		</bndbox>
	</object>
</annotation>
