<annotation>
	<folder>train</folder>
	<filename>75.jpg</filename>
	<path>D:\XLAHH\image\train\75.jpg</path>
	<source>
		<database>Unknown</database>
	</source>
	<size>
		<width>720</width>
		<height>405</height>
		<depth>3</depth>
	</size>
	<segmented>0</segmented>
	<object>
		<name>chelsea</name>
		<pose>Unspecified</pose>
		<truncated>0</truncated>
		<difficult>0</difficult>
		<bndbox>
			<xmin>289</xmin>
			<ymin>100</ymin>
			<xmax>467</xmax>
			<ymax>265</ymax>
		</bndbox>
	</object>
</annotation>
