<annotation>
	<folder>train</folder>
	<filename>76.jpg</filename>
	<path>D:\XLAHH\image\train\76.jpg</path>
	<source>
		<database>Unknown</database>
	</source>
	<size>
		<width>512</width>
		<height>288</height>
		<depth>3</depth>
	</size>
	<segmented>0</segmented>
	<object>
		<name>mu</name>
		<pose>Unspecified</pose>
		<truncated>0</truncated>
		<difficult>0</difficult>
		<bndbox>
			<xmin>204</xmin>
			<ymin>40</ymin>
			<xmax>298</xmax>
			<ymax>171</ymax>
		</bndbox>
	</object>
</annotation>
