<annotation>
	<folder>train</folder>
	<filename>79.jpg</filename>
	<path>D:\XLAHH\image\train\79.jpg</path>
	<source>
		<database>Unknown</database>
	</source>
	<size>
		<width>458</width>
		<height>512</height>
		<depth>3</depth>
	</size>
	<segmented>0</segmented>
	<object>
		<name>mu</name>
		<pose>Unspecified</pose>
		<truncated>0</truncated>
		<difficult>0</difficult>
		<bndbox>
			<xmin>124</xmin>
			<ymin>146</ymin>
			<xmax>317</xmax>
			<ymax>304</ymax>
		</bndbox>
	</object>
</annotation>
