<annotation>
	<folder>train</folder>
	<filename>8.jpg</filename>
	<path>D:\XLAHH\image\train\8.jpg</path>
	<source>
		<database>Unknown</database>
	</source>
	<size>
		<width>320</width>
		<height>320</height>
		<depth>3</depth>
	</size>
	<segmented>0</segmented>
	<object>
		<name>chelsea</name>
		<pose>Unspecified</pose>
		<truncated>0</truncated>
		<difficult>0</difficult>
		<bndbox>
			<xmin>158</xmin>
			<ymin>144</ymin>
			<xmax>212</xmax>
			<ymax>237</ymax>
		</bndbox>
	</object>
</annotation>
