<annotation>
	<folder>train</folder>
	<filename>81.jpg</filename>
	<path>D:\XLAHH\image\train\81.jpg</path>
	<source>
		<database>Unknown</database>
	</source>
	<size>
		<width>458</width>
		<height>512</height>
		<depth>3</depth>
	</size>
	<segmented>0</segmented>
	<object>
		<name>real</name>
		<pose>Unspecified</pose>
		<truncated>0</truncated>
		<difficult>0</difficult>
		<bndbox>
			<xmin>334</xmin>
			<ymin>169</ymin>
			<xmax>418</xmax>
			<ymax>270</ymax>
		</bndbox>
	</object>
</annotation>
