<annotation>
	<folder>train</folder>
	<filename>82.jpg</filename>
	<path>D:\XLAHH\image\train\82.jpg</path>
	<source>
		<database>Unknown</database>
	</source>
	<size>
		<width>500</width>
		<height>325</height>
		<depth>3</depth>
	</size>
	<segmented>0</segmented>
	<object>
		<name>mu</name>
		<pose>Unspecified</pose>
		<truncated>0</truncated>
		<difficult>0</difficult>
		<bndbox>
			<xmin>191</xmin>
			<ymin>124</ymin>
			<xmax>267</xmax>
			<ymax>218</ymax>
		</bndbox>
	</object>
</annotation>
