<annotation>
	<folder>train</folder>
	<filename>83.jpg</filename>
	<path>D:\XLAHH\image\train\83.jpg</path>
	<source>
		<database>Unknown</database>
	</source>
	<size>
		<width>800</width>
		<height>450</height>
		<depth>3</depth>
	</size>
	<segmented>0</segmented>
	<object>
		<name>real</name>
		<pose>Unspecified</pose>
		<truncated>1</truncated>
		<difficult>0</difficult>
		<bndbox>
			<xmin>174</xmin>
			<ymin>1</ymin>
			<xmax>432</xmax>
			<ymax>384</ymax>
		</bndbox>
	</object>
</annotation>
