<annotation>
	<folder>train</folder>
	<filename>84.jpg</filename>
	<path>D:\XLAHH\image\train\84.jpg</path>
	<source>
		<database>Unknown</database>
	</source>
	<size>
		<width>414</width>
		<height>250</height>
		<depth>3</depth>
	</size>
	<segmented>0</segmented>
	<object>
		<name>chelsea</name>
		<pose>Unspecified</pose>
		<truncated>0</truncated>
		<difficult>0</difficult>
		<bndbox>
			<xmin>72</xmin>
			<ymin>44</ymin>
			<xmax>237</xmax>
			<ymax>194</ymax>
		</bndbox>
	</object>
</annotation>
