<annotation>
	<folder>train</folder>
	<filename>85.jpg</filename>
	<path>D:\XLAHH\image\train\85.jpg</path>
	<source>
		<database>Unknown</database>
	</source>
	<size>
		<width>800</width>
		<height>450</height>
		<depth>3</depth>
	</size>
	<segmented>0</segmented>
	<object>
		<name>chelsea</name>
		<pose>Unspecified</pose>
		<truncated>0</truncated>
		<difficult>0</difficult>
		<bndbox>
			<xmin>195</xmin>
			<ymin>2</ymin>
			<xmax>617</xmax>
			<ymax>432</ymax>
		</bndbox>
	</object>
</annotation>
