<annotation>
	<folder>train</folder>
	<filename>86.jpg</filename>
	<path>D:\XLAHH\image\train\86.jpg</path>
	<source>
		<database>Unknown</database>
	</source>
	<size>
		<width>275</width>
		<height>183</height>
		<depth>3</depth>
	</size>
	<segmented>0</segmented>
	<object>
		<name>real</name>
		<pose>Unspecified</pose>
		<truncated>0</truncated>
		<difficult>0</difficult>
		<bndbox>
			<xmin>167</xmin>
			<ymin>15</ymin>
			<xmax>249</xmax>
			<ymax>113</ymax>
		</bndbox>
	</object>
</annotation>
