<annotation>
	<folder>train</folder>
	<filename>87.jpg</filename>
	<path>D:\XLAHH\image\train\87.jpg</path>
	<source>
		<database>Unknown</database>
	</source>
	<size>
		<width>400</width>
		<height>447</height>
		<depth>3</depth>
	</size>
	<segmented>0</segmented>
	<object>
		<name>real</name>
		<pose>Unspecified</pose>
		<truncated>0</truncated>
		<difficult>0</difficult>
		<bndbox>
			<xmin>150</xmin>
			<ymin>173</ymin>
			<xmax>314</xmax>
			<ymax>296</ymax>
		</bndbox>
	</object>
</annotation>
