<annotation>
	<folder>train</folder>
	<filename>88.jpg</filename>
	<path>D:\XLAHH\image\train\88.jpg</path>
	<source>
		<database>Unknown</database>
	</source>
	<size>
		<width>512</width>
		<height>291</height>
		<depth>3</depth>
	</size>
	<segmented>0</segmented>
	<object>
		<name>real</name>
		<pose>Unspecified</pose>
		<truncated>0</truncated>
		<difficult>0</difficult>
		<bndbox>
			<xmin>179</xmin>
			<ymin>16</ymin>
			<xmax>333</xmax>
			<ymax>213</ymax>
		</bndbox>
	</object>
</annotation>
