<annotation>
	<folder>train</folder>
	<filename>89.jpg</filename>
	<path>D:\XLAHH\image\train\89.jpg</path>
	<source>
		<database>Unknown</database>
	</source>
	<size>
		<width>299</width>
		<height>169</height>
		<depth>3</depth>
	</size>
	<segmented>0</segmented>
	<object>
		<name>real</name>
		<pose>Unspecified</pose>
		<truncated>0</truncated>
		<difficult>0</difficult>
		<bndbox>
			<xmin>146</xmin>
			<ymin>29</ymin>
			<xmax>225</xmax>
			<ymax>141</ymax>
		</bndbox>
	</object>
</annotation>
